run,dataset,mode,cap_max,N_splats,opacity_reg,scale_reg,dead_sustain,lambda_dist,cov_noise_normal,jitter,error_weight,jitter_scale,iters,key_change,psnr,ssim,lpips,metric_source,psnr_intrain,verdict
original_2dgs,flowers,classic,,,,,,,,,,,30000,"baseline 2DGS oficial (repo original), --eval",20.89,0.556,0.402,honest,20.92,BASELINE a superar. Robusto al render honesto (offset -0.03 dB)
original_2dgs,bonsai,classic,,798000,,,,,,,,,30000,"baseline 2DGS oficial bonsai, --eval",31.36,0.9359,0.2042,honest,,BASELINE bonsai. Solo 798K splats
flowers4,flowers,mcmc,7500000,7500000,,,,,,isotropic,,,30000,"1er --eval, ruido proporcional al tamano",,,,intrain,21.25,gap ~4 dB = sobreajuste; test pica @30k y cae. train in-train 25.34
flowers5,flowers,mcmc,7500000,7500000,,,,,,isotropic,,,30000,anti-overfit (scale_reg/opacity_cull/floater_cull),,,,intrain,21.14,"sin mejora; floaters = sintoma, no causa"
flowers6,flowers,mcmc,7500000,7500000,,,,,,isotropic,,,30000,Spherical Betas sh0+sb2,,,,intrain,20.65,PEOR; lobulos memorizan. SB ABANDONADO
flowers7,flowers,mcmc,7500000,7500000,,,,,,isotropic,,,35000,SH3 + densify_until 35k,,,,intrain,21.06,cortar densify no freno la caida @30k
flowers8,flowers,mcmc,9000000,9000000,,,,,,isotropic,,,30000,+cap 9M,,,,intrain,21.12,cap saturado: solo sube train
run9,flowers,mcmc,7500000,7500000,0.01,0.01,,10,1.0,isotropic,,,50000,"control 3 fixes backward CUDA, 50k iters",,,,intrain,21.54,mejor test honesto MCMC (in-train); backward NO era la causa; early-stop @30k. Ruido run9 = base
run10,flowers,mcmc,7500000,7500000,0.01,0.01,,10,1.0,isotropic,,,30000,densify desde 25k,,,,intrain,21.46,timing de densify NO es palanca
run11_12,flowers,mcmc,7500000,7500000,,,,,,isotropic,,,30000,opacity_reset=3000 reactivado (INCOMPAT con MCMC),,,,BUG_loadply,,~11-12: colapso por reset + bug load_ply. reset INCOMPATIBLE con MCMC
run14,flowers,classic,,14000000,,,,0,,na,,,30000,"clasico sin cap, MCMC OFF",,,,BUG_loadply,20.10,fondo NEGRO: clasico vacia el fondo rasante. metrics 11.30 = BUG load_ply
run15,flowers,classic,,9400000,0.01,0.01,,0,,na,,,30000,FIX prune inmediato + FIX load_ply beta,20.13,0.548,0.387,honest,20.21,1a lectura honesta del repo. Clasico limpio pero con huecos negros
run16,flowers,mcmc,7500000,7500000,0.01,0.01,5,10,1.0,isotropic,3.5,1.5,30000,VUELTA MCMC + dead_sustain 5 + ruido run9,20.2054,0.5972,0.3391,honest,21.60,MEJOR perceptual (LPIPS/SSIM). TECHO del 2D. Velo translucido global
run17,flowers,mcmc,3000000,3000000,0.01,0.01,5,10,1.0,isotropic,3.5,1.5,30000,cap 7.5M->3M,19.87,0.587,0.359,honest,21.50,PEOR. Velo NO viene del cap -> estructural del MCMC
run18,flowers,classic,,10000000,0.01,0.01,,0,,na,,,30000,prune sostenido N=25,20.12,0.549,0.387,honest,20.30,redistribuye al fondo pero lo pierde en otras vistas -> neto = run15
run19,flowers,mcmc,5000000,5000000,0.01,0.01,25,10,1.0,isotropic,3.5,1.5,30000,gate dead_sustain 5->25,19.84,0.591,0.349,honest,21.52,PEOR + MAS niebla: reciclar tarde = mas floaters translucidos
run20,flowers,mcmc,7500000,7500000,0.02,0.01,5,10,1.0,isotropic,3.5,1.5,30000,opacity_reg 0.01->0.02,19.54,0.596,0.343,honest,21.46,PEOR (valle aislado de la curva opacity_reg). Opacidad no distingue floater de fondo
run21,flowers,mcmc,7500000,7500000,0.01,0.05,5,10,1.0,isotropic,3.5,1.5,30000,scale_reg 0.01->0.05,19.63,0.592,0.344,honest,21.55,"primer plano mejoro, fondo NO. s(max) clavado en extent -> gigantes no encogen"
run22,flowers,mcmc,7500000,7500000,0.01,0.03,15,10,1.0,isotropic,3.5,1.5,30000,dead_sustain 5->15 + scale_reg 0.01->0.03,19.35,0.591,0.343,honest,21.43,"PEOR de la tanda + MAS velo. Niebla MONOTONA en gate (5<15<25), NO hay sweet spot"
run25,flowers,classic,,10950000,0.01,0.01,,0,,na,,,30000,"vuelta CLASICO, prune_sustain=20, reset 3000, sin cap",19.94,0.534,0.396,honest,19.99,mas primitivas en clasico no compran calidad. Peor SSIM/LPIPS del historial pero menor gap
run26,flowers,classic,,10770000,0.01,0.01,,0,,na,,,30000,prune_sustain 20->25,19.99,0.537,0.394,honest,20.03,= run25. prune_sustain 20 vs 25 NO es palanca
run27,flowers,classic,,10860000,0.01,0.01,,10,,na,,,30000,= run26 + lambda_dist 0->10 (1er test distorsion clasico),19.48,0.530,0.402,honest,19.63,FALLO. Peor SSIM/LPIPS del historial. Distorsion agrava huecos del fondo en clasico
run28,flowers,mcmc,7500000,7500000,0.01,0.01,5,0,1.0,isotropic,3.5,1.5,30000,ABLACION: = run16 salvo lambda_dist 10->0,19.94,0.5959,0.3403,honest,21.59,Empeora las 3 vs run16 -> distorsion SI aporta en MCMC. lambda_dist=10 bien puesto
run29,flowers,mcmc,9500000,9500000,0.01,0.01,5,10,1.0,isotropic,3.5,1.5,30000,subir cap 7.5M->9.5M,19.96,0.5955,0.3378,honest,21.53,+2M primitivas NO compran calidad. cap saturado confirmado. cap DESCARTADO
run30,flowers,mcmc,7500000,7500000,0.01,0.01,5,10,1.0,isotropic,3.5,1.5,30000,= run16 + --freeze_low_beta ON (revierte FIX #2 backward),19.65,0.5938,0.3432,honest,21.50,Congelar low-beta empeora las 3 -> FIX #2 de run9 SI aporta. Ablacion de control
run32,flowers,mcmc,7500000,7500000,0.05,0.01,5,10,1.0,isotropic,3.5,1.5,30000,opacity_reg 0.01->0.05 (5x),20.62,0.5945,0.3525,honest,21.31,1a palanca que SUBE PSNR. Mecanismo velo confirmado (dmean +0.999->+0.627). Trade-off LPIPS
run33,flowers,mcmc,7500000,7500000,0.03,0.01,5,10,1.0,isotropic,3.5,1.5,30000,sweep opacity_reg = 0.03,20.5275,0.6007,0.3427,honest,21.42,MEJOR SSIM del historial (0.6007). Punto Pareto mas equilibrado
run34,flowers,mcmc,7500000,7500000,0.04,0.01,5,10,1.0,isotropic,3.5,1.5,30000,sweep opacity_reg = 0.04,20.80,0.5996,0.3463,honest,21.37,Punto intermedio del trade-off PSNR/perceptual
run36,flowers,mcmc,7500000,7500000,0.06,0.01,5,10,1.0,isotropic,3.5,1.5,30000,sweep opacity_reg = 0.06,21.1572,0.5926,0.3555,honest,21.34,HITO: DOMINA al original en las 3 metricas. OPTIMO de PSNR de la curva. Objetivo CUMPLIDO
run37,flowers,mcmc,7500000,7500000,0.07,0.01,5,10,1.0,isotropic,3.5,1.5,30000,sweep opacity_reg = 0.07 (endpoint),21.00,0.5855,0.3635,honest,21.19,PSNR se da la vuelta (<run36) -> 0.06 es el optimo. Sweep opacity_reg CERRADO
run38,flowers,mcmc,7500000,7500000,0.06,0.02,5,10,1.0,isotropic,3.5,1.5,30000,sweep scale_reg=0.02 sobre base run36,21.1152,0.5916,0.3555,honest,21.35,= ancla run36. Apretar escala no aporta sobre opacity_reg 0.06
run39,flowers,mcmc,7500000,7500000,0.06,0.03,5,10,1.0,isotropic,3.5,1.5,30000,sweep scale_reg=0.03 sobre base run36,20.7272,0.5908,0.3558,honest,21.29,Valle de PSNR. Sin pico que mejore el ancla
run40,flowers,mcmc,7500000,7500000,0.06,0.05,5,10,1.0,isotropic,3.5,1.5,30000,sweep scale_reg=0.05 sobre base run36,21.0631,0.5913,0.3544,honest,21.28,Recuperacion parcial pero < run36. No bate al ancla
run41,flowers,mcmc,7500000,7500000,0.06,0.10,5,10,1.0,isotropic,3.5,1.5,30000,sweep scale_reg=0.10 (endpoint) sobre base run36,20.6964,0.5852,0.3604,honest,21.31,Peor de la tanda. VEREDICTO: scale_reg DESCARTADO (ningun valor supera run36)
run45,flowers,mcmc,7500000,7500000,0.01,0.01,5,10,1.0,in-plane,3.5,1.5,30000,A/B jitter add_new_gs: 3D isotropo -> eje in-plane dominante (replica EXACTA de run16 + jitter in-plane),19.8370,0.5948,0.3417,honest,21.46,"A/B limpio vs run16 (misma opacity_reg 0.01): empeora las 3 (PSNR -0.37, SSIM -0.0024, LPIPS +0.0027). in-train 21.46 se evaporo en honesto (~1.6 dB offset). jitter in-plane NO es palanca. Coherente con run46 (misma direccion sobre run36)"
run46,flowers,mcmc,7500000,7500000,0.06,0.01,5,10,1.0,in-plane,3.5,1.5,30000,sweep scale_reg=0.01 sobre base run36 + jitter in-plane + ruido hibrido (cov_noise). ANCLA del sweep,20.9554,0.5936,0.3548,honest,21.26,"Ancla = run36 + jitter in-plane. vs run36 (21.157/0.5926/0.3555): PSNR -0.20, SSIM +0.001, LPIPS -0.0007 -> jitter in-plane NO mejora el HITO run36"
run47,flowers,mcmc,7500000,7500000,0.06,0.02,5,10,1.0,in-plane,3.5,1.5,30000,sweep scale_reg=0.02 sobre base run36 + jitter in-plane + cov_noise,20.9515,0.5925,0.3543,honest,21.24,= ancla run46. No aporta
run48,flowers,mcmc,7500000,7500000,0.06,0.03,5,10,1.0,in-plane,3.5,1.5,30000,sweep scale_reg=0.03 sobre base run36 + jitter in-plane + cov_noise,20.8512,0.5916,0.3554,honest,21.18,PSNR cae vs ancla. No aporta
run49,flowers,mcmc,7500000,7500000,0.06,0.05,5,10,1.0,in-plane,3.5,1.5,30000,sweep scale_reg=0.05 sobre base run36 + jitter in-plane + cov_noise,20.8395,0.5931,0.3532,honest,21.24,< ancla en PSNR. LPIPS 0.3532 = mejor de la tanda pero dentro del ruido
run50,flowers,mcmc,7500000,7500000,0.06,0.10,5,10,1.0,in-plane,3.5,1.5,30000,sweep scale_reg=0.10 (endpoint) sobre base run36 + jitter in-plane + cov_noise,20.6491,0.5881,0.3570,honest,21.14,"Peor de la tanda. VEREDICTO: scale_reg DESCARTADO tambien con jitter in-plane (7o fallo, ninguno supera run36)"
run51,flowers,mcmc,7500000,7500000,0.06,0.01,5,10,0.0,in-plane,3.5,1.5,30000,sweep cov_noise_normal=0.0 (ruido 100% en plano) sobre base run36 + jitter in-plane,20.9722,0.5930,0.3550,honest,21.25,"Ruido confinado al plano. ~ancla, no adelgaza mas el velo"
run52,flowers,mcmc,7500000,7500000,0.06,0.01,5,10,0.2,in-plane,3.5,1.5,30000,sweep cov_noise_normal=0.2 (casi confinado al plano) sobre base run36 + jitter in-plane,21.0069,0.5935,0.3545,honest,21.29,MEJOR PSNR de los sweeps jitter/cov (21.007) pero AUN < run36 (21.157). Optimo del dial cov_noise_normal
run53,flowers,mcmc,7500000,7500000,0.06,0.01,5,10,0.5,in-plane,3.5,1.5,30000,sweep cov_noise_normal=0.5 (media componente normal) sobre base run36 + jitter in-plane,20.8231,0.5916,0.3570,honest,21.17,PSNR cae vs pad 0.2. No aporta
run54,flowers,mcmc,7500000,7500000,0.06,0.01,5,10,1.0,in-plane,3.5,1.5,30000,"sweep cov_noise_normal=1.0 (ruido 3D, ancla) sobre base run36 + jitter in-plane. Config == run46",20.7866,0.5916,0.3567,honest,21.14,Ancla pad 1.0. VEREDICTO: cov_noise_normal DESCARTADO (ningun valor supera run36; pad 0.2 mejor que 1.0 pero <run36)
run42,bonsai,mcmc,4500000,4500000,0.06,0.01,5,10,1.0,isotropic,3.5,1.5,30000,replica de run36 sobre bonsai con cap 3x oficial,27.5381,0.9120,0.2131,honest,29.09,PIERDE las 3 vs original (-3.82 dB). Sobre-densificacion en escena acotada = velo amplificado
run43,bonsai,mcmc,1500000,1500000,0.06,0.01,5,10,1.0,isotropic,3.5,1.5,30000,= run42 salvo cap 4.5M->1.5M (oficial),28.3766,0.9151,0.2191,honest,29.27,cap SI era palanca en bonsai (+0.84 dB) pero LPIPS empeoro. Sigue -2.98 dB del original
run44,bonsai,mcmc,1500000,1500000,0.01,0.01,5,10,1.0,isotropic,3.5,1.5,30000,= run43 salvo opacity_reg 0.06->0.01 (base run16),30.6665,0.9404,0.1862,honest,31.53,"HITO bonsai: GANA SSIM+LPIPS al original, pierde solo PSNR. opacity_reg NO transferible entre escenas"
run55,bonsai,mcmc,1500000,1500000,0.01,0.01,5,10,0.0,in-plane,3.5,1.5,30000,"receta run51 ARREGLADA para bonsai: base run44 (cap 1.5M, opacity_reg 0.01) + cov_noise_normal=0.0 (ruido 100% en plano) + jitter in-plane. Ruido HIBRIDO (--cov_noise). Delta vs run44 = ruido+jitter confinados al plano",30.2295,0.9391,0.1871,honest,31.25,"HIPOTESIS NULA CONFIRMADA: empeora las 3 vs run44 (PSNR -0.44, SSIM -0.0013, LPIPS +0.0009). Confinar ruido+jitter al plano NO ayuda en escena ACOTADA. Cap topado exacto 1.5M. run44 sigue siendo el techo de bonsai. Coherente con flowers run51-54 (direccion del ruido no es palanca)"
run56,flowers,mcmc,7500000,7500000,0.06,0.01,5,10,0.0,in-plane,3.5,1.5,30000,"TEST HIPOTESIS DEL VELO: config run51 EXACTA (base run36 + jitter in-plane + cov_noise_normal 0.0) REENTRENADA con rasterizer CULL_SUBPIXEL=1 (splats sub-pixel radii=0, sin gradiente de imagen). Delta unico vs run51 = el cull sub-pixel compile-time",20.9453,0.5932,0.3552,honest,21.2565,"A/B NEUTRO: identico a run51 (20.9722/0.5930/0.3550) dentro del ruido (PSNR -0.03, SSIM +0.0002, LPIPS +0.0002). El cull sub-pixel NO mueve la metrica global. Cap topado exacto 7.5M igual (MCMC rerellena). Usuario ve MENOS haces de luz sobre-brillantes (perceptual/local) pero la metrica promediada 22 vistas no lo capta. DOMINA al original en las 3 (PSNR 20.945>20.89). No bate run36 (-0.21 dB) ni run16 perceptual. El velo NO era solo sub-pixeles rescatados por el low-pass => estructural confirmado otra vez"
run57,flowers,mcmc,6000000,6000000,0.06,0.01,5,10,0.0,in-plane,3.5,1.5,30000,"barrido cap sobre build CULL_SUBPIXEL=ON (base run56): cap 7.5M->6M",20.7412,0.5903,0.3588,honest,21.159,"cap 6M < 7.5M. Peor que run56 (20.945). Confirma pico de cap en 7.5M (U invertida: 6M<7.5M>9M). El cull no compra metrica"
run58,flowers,mcmc,9000000,9000000,0.06,0.01,5,10,0.0,in-plane,3.5,1.5,30000,"barrido cap sobre build CULL_SUBPIXEL=ON (base run56): cap 7.5M->9M",20.6644,0.5920,0.3541,honest,21.170,"cap 9M < 7.5M. +3M splats NO compran nada (in-train 21.17 = run57). Manchas raras + haces de luz VISIBLES: el low-pass por-pixel (min(rho3d,rho2d)) sigue vivo; el cull solo puso un ACANTILADO duro en 0.707px que aliasing-ea, y la sobre-densidad puebla esa zona umbral + relocate apila los culled sin gradiente. Cap saturado reconfirmado (=run29)"
run59,flowers,mcmc,9000000,9000000,0.06,0.05,5,10,0.0,in-plane,3.5,1.5,30000,"= run58 (cap 9M, CULL ON) + scale_reg 0.01->0.05 (5x) para frenar manchas/haces",20.8009,0.5929,0.3515,honest,21.247,"scale_reg 5x recupera +0.14 dB vs run58 (20.66->20.80) y mejor LPIPS de la tanda (0.3515) pero SIGUE < run56/run36 a 7.5M -> cap 9M no es el sitio. NOTA metrica: usuario comparo Evaluating TRAIN 23.75 vs metrics 20.80 = 2 efectos apilados: (1) train vs test = 2.50 dB sobreajuste; (2) in-train TEST 21.25 vs metrics 20.80 = 0.45 dB offset resize/render. Honesto-vs-honesto correcto = 20.80"
run60,flowers,mcmc,9000000,9000000,0.06,0.05,5,10,0.0,in-plane,3.5,1.5,30000,"= run59 EXACTO (cap 9M, CULL ON, opacity_reg 0.06, scale_reg 0.05, pad 0.0, jitter in-plane) + FIX clamp alpha backward (min(0.99f,opa*kernel) forward<->backward, backward.cu). A/B LIMPIO del fix del clamp: unico delta vs run59 = el clamp del backward",20.902,0.5934,0.3521,honest,21.196,"A/B LIMPIO del fix del clamp de alpha (unico delta vs run59; mismo cap 9M, scale_reg 0.05): NEUTRO-a-levemente-positivo. vs run59 (20.8009/0.5929/0.3515): PSNR +0.10, SSIM +0.0005, LPIPS +0.0006 = todo dentro/al borde del ruido. El fix NO regresiona y da un empujon minimo de PSNR. Confirma impacto practico PEQUENO del bug del clamp incluso en regimen opacity_reg alto (0.06), tal como avisaba el revisor de CUDA. Sobre base cap 9M (SUBOPTIMA) => NO bate run56 (20.945, 7.5M) ni run36 (21.16). DOMINA al original en las 3 (20.902>20.89, 0.5934>0.556, 0.3521<0.402). Pendiente A/B a cap 7.5M (= run56 + fix) para medir el fix en el sitio optimo. OJO: rasterizer con CULL_SUBPIXEL=1 (heredado); no confunde el A/B porque run59 tambien lo tiene"
run61,flowers,mcmc,7500000,7500000,0.06,0.06,5,10,0.0,in-plane,3.5,1.5,30000,"BARRIDO scale_reg=0.06 sobre base run56 + CLAMP FIX (rasterizer CULL_SUBPIXEL=1 + clamp alpha backward.cu:334 min(0.99f,opa*kernel)). = run56 config + scale_reg 0.01->0.06 + clamp fix",20.9021,0.5920,0.3535,honest,21.236,"scale_reg 0.06 ~= run56 (20.9453/0.5932/0.3552) dentro del ruido (PSNR -0.04, SSIM -0.0012, LPIPS -0.0017 mejor). NO bate el ancla => scale_reg FALLA otra vez (8vo fallo) tambien sobre base CULL+clamp. Cap topado exacto 7.5M, extent 4.816 clavado (mecanismo run21: clamp del rasterizer tapa gigantes del fondo). dmean(render-gt)=0.1219 = sobre-brillo casi anulado (opacity_reg 0.06 + CULL) pero PSNR no sube => error residual es detalle estructural, no velo. DOMINA al original en las 3 (20.9021>20.89, 0.5920>0.556, 0.3535<0.402). No bate run36 (21.16) ni run16 perceptual"
run62,flowers,mcmc,7500000,7500000,0.06,0.01,5,10,0.0,in-plane,3.5,1.5,30000,"A/B LIMPIO del CLAMP FIX a cap 7.5M: = run56 EXACTO (scale_reg 0.01, opacity_reg 0.06, CULL ON, jitter in-plane, pad 0.0) + clamp alpha backward.cu:334. Unico delta vs run56 = el clamp del backward",20.7314,0.5907,0.3570,honest,21.115,"A/B LIMPIO del clamp fix a 7.5M (unico delta vs run56 20.9453/0.5932/0.3552): empeora las 3 -> PSNR -0.21, SSIM -0.0025, LPIPS +0.0018 = dentro de la banda de ruido pero SIGNO INVERTIDO vs run60 (a cap 9M el fix daba +0.10 PSNR). Confirma y refuerza: el clamp fix es CORRECCION (consistencia fwd<->bwd = 2DGS original), NO palanca; impacto practico PEQUENO y no consistente en signo (como avisaba el revisor de CUDA). Se conserva por correccion. dmean(render-gt)=0.0999. PIERDE PSNR al original por poco (20.7314<20.89) pero gana SSIM+LPIPS. No bate run56/run36/run16. Cierra el pendiente 'A/B del clamp a 7.5M' de run60"
run63,bonsai,mcmc,1500000,1500000,0.01,0.06,5,10,0.0,in-plane,3.5,1.5,30000,"run61 ADAPTADO a bonsai: base run44 (cap 1.5M, opacity_reg 0.01 = techo bonsai) + los 3 deltas NUEVOS de run61 que bonsai nunca vio: CULL_SUBPIXEL=1 + clamp fix (backward.cu:334) + scale_reg 0.01->0.06. = run55 EXACTO + {CULL, clamp, scale_reg 0.06}. Script run63_bonsai.sh",29.4417,0.9345,0.1904,honest,30.51,"FALLA: empeora las 3 vs run55 (30.2295/0.9391/0.1871): PSNR -0.79, SSIM -0.0046, LPIPS +0.0033; y vs run44 (techo 30.67/0.9404/0.1862): PSNR -1.22, SSIM -0.0059, LPIPS +0.0042. ROMPE la propiedad de run44: ahora PIERDE SSIM al original (0.9345<0.9359), solo gana LPIPS (vs run44 que ganaba SSIM+LPIPS). Mecanismo = mismo que opacity_reg 0.06 en run42: los deltas de run61 (scale_reg 0.06 + CULL sub-pixel + clamp) estan pensados para adelgazar el velo de flowers; en bonsai (acotada, SIN velo) solo vacian detalle fino legitimo -> cae SSIM (estructura). El CULL que fue neutro en flowers (run56, retiraba floaters sobre-brillantes) aqui resta (retira sub-pixeles de detalle real). A/B es bundle (no aisla cada delta) pero direccion inequivoca. Cap topado exacto 1.5M (activos ~47%). Confirma OTRA VEZ: la receta de flowers NO transfiere a escena acotada (ni opacity_reg ya sabido, ni ahora CULL/scale_reg/clamp). run44 sigue siendo el techo de bonsai"
run64,flowers,mcmc,12000000,12000000,0.06,0.06,5,10,0.0,in-plane,3.5,1.5,30000,BAJAR EL CLAMP DE ESCALA + SUBIR CAP: base run61 EXACTO + SCALE_CLAMP_FACTOR 0.1->0.05 (techo get_scaling 0.48->0.24 unidades mundo) + cap 7.5M->12M. Experimento coplado (surfels mas chicos necesitan mas para cubrir el fondo rasante). Env var nueva en gaussian_model.py:get_scaling. Script run64_clamp_escala.sh,20.3265,0.5787,0.3586,honest,20.9454,"FALLA - empeora las 3 vs run61 (20.9021/0.5920/0.3535): PSNR -0.576, SSIM -0.0133, LPIPS +0.0051. PIERDE la dominacion de PSNR sobre el original que tenian run61/run36 (20.33<20.89; sigue ganando SSIM+LPIPS). CONFIRMA LA PREDICCION PESIMISTA DEL DOC (clamp_escala_gigantes_fondo.html): bajar el clamp cambia VELO por HUECOS. dmean(render-gt) PASA DE +0.12 (run61) A -0.7487 = render mas OSCURO que GT = sub-cobertura/huecos. cap topado exacto 12M (cap saturado, no ayudo). El clamp SI mordio: 9.69% surfels topados en el techo nuevo 0.24 (vs 0.30% en el viejo 0.48), s(mean) 0.0375. ADEMAS aparecen HACES DE LUZ (reportado por usuario): artefacto de INCONSISTENCIA train/render del clamp - get_scaling clampa en TRAIN (spatial_lr_scale>0) pero NO en RENDER (load_ply deja spatial_lr_scale=0 -> clamp saltado). Los surfels con raw _scaling grande (s(max) render=2.96, via MCMC relocate que setea scale directo, bypass del gradiente-cut) se entrenan como 0.24 pero se RENDERIZAN hasta 2.96 -> discos gigantes brillantes = haces. Bajar el clamp AMPLIFICA ese gap (train ve 0.24, render 2.96 = 12x) -> beams severos. Preexistente en todos los runs (siempre renderizaron sin clamp) pero este run lo expuso. VEREDICTO: clamp de escala = CALLEJON confirmado (dial muerto, tal como marcaba el doc 'baja probabilidad'). Pivote recomendado: orientacion del surfel + kernel beta"
run65,flowers,classic,,1056269,0.06,0.06,,0,,,,,30000,"CLASICO con los diales de flowers-MCMC: opacity_reg 0->0.06 + scale_reg 0->0.06 + opacity_cull 0.005->0.01 + classic_prune_sustain 0->5, sobre densify clasico (clone/split + opacity_reset 3000). Script train_CLASSIC_server.sh. OJO: el commit se titula 'test classic with small clamp' pero el script NUNCA exporto SCALE_CLAMP_FACTOR -> corrio con el DEFAULT 0.1, NO con clamp bajo. El run NO prueba nada sobre el clamp",15.5903,0.4177,0.5056,honest,15.6828,"COLAPSO TOTAL - PEOR RUN DEL HISTORIAL en las 3 (15.5903/0.4177/0.5056; el peor previo era run27 con LPIPS 0.402). NO es sobreajuste ni mal fondo: el train PSNR es 17.48 (run61 23.60) = el modelo ni siquiera ajusta las vistas de entrenamiento. Test pica en 7000 (16.31) y DEGRADA hasta 15.56 @15k. Densificacion muerta de hambre: 38K->1.06M y ahi se queda (run25/26 clasicos sin cap llegaban a ~10.9M = 10x mas masa). MECANISMO: en clasico NO hay reciclado de masa (el MCMC tiene cap_max + relocate/add_new que rellenan hasta el tope). Se apilan TRES sumideros unidireccionales sobre la opacidad: opacity_reg 0.06 la drena en continuo (L1) + opacity_reset cada 3000 la clava en 0.01 + opacity_cull 0.01 poda lo que no se recupero a tiempo. Un splat recien clonado nace, se drena, llega el reset y lo podan antes de recuperarse -> la densificacion no puede acumular. COMPENSACION: scale_reg 0.06 encogio los surfels a s_mean=0.0184 (run61 ~0.05, run64 0.0375 = 3x mas chicos) y el optimizador COLAPSO beta contra el suelo para ensanchar la huella efectiva: beta raw min=-4.0000 EXACTO (= el clamp de train.py:399) y mean=-2.779 -> beta~0.062; 56% de los splats con beta<0.1 (run61 solo 1.5%). Beta bajo = kernel casi plano/box = cada splat pinta un disco ancho de opacidad uniforme SIN textura -> los petalos gigantes blancuzcos del render. dmean(render-gt) = +1.6118 = 2o mas sobre-brillante del historial (run16 +1.00, run22 +1.95): velo masivo. opacity mean 0.3169, solo 27.98% con op>0.5. EL CLAMP DE ESCALA QUEDA EXONERADO: solo 0.06% de surfels topados en el techo (0.1*extent=0.4816) -> el clamp no mordio. OJO s_max del ply = 0.5627 > techo 0.4816 = reaparece la inconsistencia train/render ya documentada en run64 (load_ply deja spatial_lr_scale=0 -> get_scaling NO clampa en render). CULL_SUBPIXEL=1 tambien EXONERADO: run61 corrio con CULL ON + opacity_reg 0.06 + scale_reg 0.06 (identicos) y salio SANO (7.5M splats, train 23.60) - la UNICA variable que cambia entre run61 y run65 es MCMC vs CLASICO. LECCION: opacity_reg alto asume un mecanismo de reciclado de masa que el camino clasico NO TIENE. No es que 'los diales de flowers no transfieran' en abstracto - es esa dependencia concreta. Siguiente: run66 = opacity_reg 0.02 (scale_reg 0.06 se mantiene por decision del usuario, asi que run66 NO aisla scale_reg)"
run66,flowers,classic,,1310699,0.02,0.06,,0,,,,,30000,"CLASICO run66 = run65 + opacity_reg 0.06->0.02 (scale_reg 0.06 SE MANTIENE por decision del usuario -> run66 NO aisla scale_reg), opacity_cull 0.01->0.005 (2DGS original), prune_sustain 5, SCALE_CLAMP_FACTOR=0.1 exportado explicitamente. Script train_CLASSIC_server.sh",16.0951,0.4374,0.4840,honest,16.1945,"FALLA - segundo colapso consecutivo del clasico, apenas +0.50 dB sobre run65 (15.5903). Honesto 16.0951/0.4374/0.4840; 2a peor run del historial. Aflojar opacity_reg 0.06->0.02 NO rescata el clasico: train @30k 17.74 (run65 17.48, run26 22.22) = el modelo SIGUE sin ajustar ni el train. Densificacion sigue muerta de hambre: 1.31M splats (run65 1.06M, run25/26 ~10.9M). CAUSA REAL IDENTIFICADA DESPUES (run67): el cuello no era solo opacity_reg sino scale_reg 0.06 (que run66 mantuvo, por eso no aisla nada) MAS el TRINQUETE DE BETA en densify_and_split. BETA @30k: 48.71% de splats con beta<0.1, beta min = 0.0733 EXACTO = 4*e^-4 = el suelo del clamp de train.py:399 -> kernel degenerado a CAJA (disco de opacidad uniforme sin textura). Ese 0.0733 exacto es la firma del trinquete: densify_and_split restaba math.log(N) al _beta de los hijos = dividir beta entre 2 por generacion hasta clavarse en el suelo tras ~6 splits. Clamp de escala EXONERADO otra vez: solo 0.034% topados, s_raw max 0.6013 vs techo 0.4816, s(mean) 0.0169. run66 queda como el ultimo run contaminado por el trinquete; su valor es haber motivado la busqueda que lo encontro"
run67,flowers,classic,,4875097,0,0,,0,,,,,30000,"FIX DEL TRINQUETE DE BETA + vuelta al ancla run26. scene/gaussian_model.py: densify_and_split restaba math.log(N) al _beta de los hijos (get_beta=4*exp(_beta) => restar en crudo = DIVIDIR beta entre 2 por generacion -> tras ~6 splits clavado en el suelo del clamp 4*e^-4=0.0733 = kernel CAJA). FIX: new_beta = self._beta[selected_pts_mask].repeat(N,1) (copiar, no restar). Solo afectaba al clasico (clone/relocate/add_new ya copiaban beta). Bug presente desde el first commit. Config = ancla run26: opacity_reg 0, scale_reg 0, prune_sustain 25, opacity_cull 0.005, sin cap, opacity_reset 3000, SCALE_CLAMP_FACTOR=0.1. CULL_SUBPIXEL=1 se mantiene (decision del usuario)",20.6684,0.5811,0.3675,honest,20.7913,"MEJOR CLASICO DEL HISTORIAL con diferencia - el fix del trinquete de beta ROMPE el muro estructural del camino clasico. Honesto 20.6684/0.5811/0.3675. DOMINA A TODOS LOS CLASICOS EN LAS 3: vs run26 (19.99/0.537/0.394, el mejor clasico previo) PSNR +0.68, SSIM +0.044, LPIPS -0.027; vs run66 +4.57 dB. PRIMERA run clasica que GANA SSIM (0.5811>0.556) y LPIPS (0.3675<0.402) al 2DGS ORIGINAL; pierde solo PSNR por -0.22 (20.67<20.89) = mismo patron que la familia MCMC (run16). TRINQUETE MUERTO, confirmado en el log: [BETA] @7000 = 0 splats (0.000%) con beta<0.1, y solo 0.039% al final; beta min 0.0959, mean 2.66. run65 tenia 55.9% y run66 48.71% pegados al suelo 0.0733. DENSIFICACION REVIVIDA: 4.875M splats (run66 1.31M, run65 1.06M). OJO - con la MITAD de splats que run25/26 (~10.9M) saca mejores metricas en las 3: los splats de run25/26 estaban degenerados en cajas, no eran masa util. RESIDUO DE 4.4 dB EXPLICADO Y CERRADO: train @30k = 23.63 (run26 22.22, run66 17.74) -> no hay tercera causa que buscar, era reguladores + trinquete. Gap train-test 2.84 dB. DATO NUEVO: el clasico es HONESTO - offset in-train->metrics.py de solo -0.12 dB (in-train test @30k 20.79 vs honesto 20.67), igual que el original (-0.03) y muy lejos del ~1.4 dB de nuestros MCMC. PALANCA NUEVA SIN MEDIR: beta ahora choca contra el TECHO - beta max sube monotono 6.75->10.4->13.4->21.6->29.5562, que es EXACTAMENTE 4*e^2 = el clamp superior de train.py:399. Antes se pegaba al suelo, ahora al techo => subir el clamp superior es un experimento barato. CLAMP DE ESCALA: apenas mordio (1.047% topados, s_raw max 3.21 vs techo 0.4816, s(mean) 0.042). NO ES A/B LIMPIO: run67 = run26 + fix de beta + CULL_SUBPIXEL=1 (bundle de 2 deltas); el fix esta aislado por el A/B local (2500 it, regs=0: con trinquete train 18.84 / beta<0.1 57.4% -> con fix train 19.31 / beta<0.1 0.000%, +0.47 dB) pero el reparto exacto del +0.68 no esta medido. NO bate run36 (21.16/0.5926/0.3555): el MCMC sigue siendo el techo global del proyecto"
run68,flowers,classic,,5622144,0,0.01,,0,,,,,30000,"SWEEP scale_reg en CLASICO, 1er punto: base run67 EXACTO (ancla scale_reg=0) + scale_reg 0->0.01. Script sweep_scale_reg_classic.sh. Config run67: opacity_reg 0, prune_sustain 25, opacity_cull 0.005, opacity_reset 3000, sin cap, SCALE_CLAMP_FACTOR=0.1, CULL_SUBPIXEL=1",20.6905,0.5766,0.3684,honest,20.7855,"Neutro en PSNR (+0.02 vs ancla run67 20.6684) pero PEOR en perceptual: SSIM -0.0045, LPIPS +0.0009. El dial SI muerde: s(mean) 0.0422->0.0318 (-25%). beta<0.1 = 0.321% (sin disparar). N sube a 5.62M (vs 4.875M del ancla): surfels mas chicos disparan clone/split. train@30k 23.33 (ancla 23.63)"
run69,flowers,classic,,5700600,0,0.02,,0,,,,,30000,"SWEEP scale_reg en CLASICO, 2o punto: base run67 EXACTO + scale_reg 0.02",20.5387,0.5747,0.3715,honest,20.6535,"Peor punto de la tanda en PSNR (-0.13 vs ancla run67). SSIM sigue bajando (0.5747), LPIPS el peor (0.3715). s(mean) 0.0297. beta<0.1 = 0.319%. N 5.70M. train@30k 23.32"
run70,flowers,classic,,5784074,0,0.03,,0,,,,,30000,"SWEEP scale_reg en CLASICO, 3er punto: base run67 EXACTO + scale_reg 0.03",20.6028,0.5746,0.3704,honest,20.6716,"PSNR -0.07 vs ancla run67, dentro del ruido. SSIM 0.5746 = minimo de la tanda. s(mean) 0.0280. beta<0.1 = 0.349%. N 5.78M. train@30k 23.26"
run71,flowers,classic,,5939366,0,0.06,,0,,,,,30000,"SWEEP scale_reg en CLASICO, 4o punto (ENDPOINT): base run67 EXACTO + scale_reg 0.06. VALOR ELEGIDO A PROPOSITO = el mismo de run65/66, para cuantificar cuanto de aquel colapso era scale_reg y cuanto el trinquete de beta",20.6636,0.5733,0.3713,honest,20.7130,"CIERRA EL SWEEP: PSNR -0.005 vs ancla run67 = NEUTRO. VEREDICTO: scale_reg FALLA tambien en CLASICO LIMPIO (9o fallo del dial; los 8 previos eran todos MCMC). PSNR plano dentro de +-0.13 dB en todo el barrido, SSIM MONOTONO a la baja (0.5811->0.5766->0.5747->0.5746->0.5733) y LPIPS peor en los cuatro puntos: ningun valor bate al ancla. PERO el barrido resuelve TRES cosas: (1) el dial SI muerde, no es un NO-OP - s(mean) baja monotono 0.0422->0.0318->0.0297->0.0280->0.0247 (-41%), asi que el resultado plano es real y no un artefacto de config (mismo fallo que run65 con el clamp); (2) HIPOTESIS DE run65 DESCARTADA DEL TODO - beta<0.1 se queda en ~0.3% en TODO el barrido, incluso a 0.06, luego la via 'encoger surfels -> el optimizador aplana beta para recuperar cobertura' NO EXISTE: el trinquete de densify_and_split era el 100% de aquel colapso de beta; (3) CUANTIFICA EL CONFUSOR de run65/66 - este run usa scale_reg 0.06 EXACTO, el mismo de run65 (15.5903) y run66 (16.0951), y da 20.6636: de los -5.08 dB de run65, scale_reg aporta ~0.005 dB. TODO el desastre era trinquete + los 3 sumideros de opacidad. Efecto colateral del dial: sube el conteo 4.875M->5.94M (surfels mas chicos disparan clone/split) sin comprar calidad, y baja levemente el train (23.63->23.27). run67 sigue siendo el mejor clasico"
run72,flowers,classic,,4793165,0,0,,0,,,,,30000,A/B DE prune_sustain EN CLASICO LIMPIO: = run67 EXACTO salvo classic_prune_sustain 25->10. Unico delta. Primera medida del dial SIN el trinquete de beta vivo (run18/25/26 lo probaron con el trinquete contaminando),20.7436,0.5795,0.3676,honest,20.8430,"A/B NEUTRO: vs run67 (20.6684/0.5811/0.3675) PSNR +0.075, SSIM -0.0016, LPIPS +0.0001 = las tres dentro de la banda de ruido. Diagnostico CALCADO al ancla: beta<0.1 0.038% (run67 0.039%), beta min 0.0963, beta max 29.5562 (= 4*e^2, el techo del clamp, igual que run67), s(mean) 0.0422, topados 1.067%, N 4.793M (-1.7%), train@30k 23.52 (run67 23.63). VEREDICTO: prune_sustain NO es palanca, ahora medido LIMPIO. Ya lo sugerian run18/25/26 (20 vs 25 indistinguibles) pero aquellos estaban contaminados por el trinquete; esta es la primera confirmacion valida, y ademas extiende el rango probado hacia abajo (10). LECTURA CONJUNTA CON EL SWEEP run68-71: run67 es un OPTIMO PLANO - ni apretando la escala ni cambiando el ritmo de poda se mueve nada. El fix del trinquete capturo toda la ganancia disponible en el camino clasico, y el residuo hasta run36 (21.16) no esta en estos diales. La unica palanca viva que run67 abrio y sigue SIN MEDIR es el TECHO de beta: beta max = 29.5562 = 4*e^2 clavado al digito en run67, run71 Y run72"
run73,flowers,classic,,4859001,0,0,,0,,,,,30000,"TEST DE FALSACION del techo de beta: config = run67 EXACTO + UN SOLO DELTA = el techo del clamp superior de beta sube 29.556 -> 60. Cambios 100% Python (NO recompila): train.py:404 _beta.data.clamp_(min=-4.0, max=2.7081) (era 2.0); scene/gaussian_model.py:188 get_beta -> _beta.clamp(min=-4.0, max=2.7081) (min igualado a -4.0, max=ln(15)); print [BETA-TECHO] anadido que cuenta topados en el techo nuevo y cuantos superan el viejo 29.556. beta=4*e^_beta => _beta max 2.7081 = ln(15) => beta techo 60.003. CULL_SUBPIXEL=1 se mantiene (=run67). Script run73_beta_ceiling.sh. Decision del usuario 2026-07-22: probar EMPIRICAMENTE el techo pese a que docs/techo_beta_clamp_superior.html lo predice NO-OP",20.6020,0.5789,0.3688,honest,20.7596,"NO-OP CONFIRMADO - la teoria del histograma queda VALIDADA EMPIRICAMENTE. Honesto 20.6020/0.5789/0.3688 vs ancla run67 (20.6684/0.5811/0.3675): PSNR -0.066, SSIM -0.0022, LPIPS +0.0013 = las TRES dentro del ruido (levemente peor, sin significancia). LA PRUEBA esta en [BETA-TECHO]: topados en el techo nuevo (beta~60) = 0 (0.0000%) en TODAS las iteraciones (7k/15k/20k/25k/30k). Al soltar el techo viejo, beta max solo subio 29.556->40.4262 y unicamente 14 splats de 4.859.001 (0.0003%) cruzaron por encima del antiguo tope @30k (0 hasta iter 25000). La campana NO se movio: beta mean @30k = 2.7431 (run67 ~2.66), beta min 0.0966, beta<0.1 solo 0.024% (1165 splats). Esto confirma AL DIGITO que el 29.5562 clavado de run67/71/72 era un ESTADISTICO DE ORDEN EXTREMO (al menos UN splat llegaba), la restriccion NUNCA estuvo activa. Aplica la regla del proyecto: para saber si un clamp muerde se mira el HISTOGRAMA / % de topados, NUNCA el maximo -> topados=0.00% en todo el run lo cierra. Trinquete sigue muerto (beta min 0.0966, nada al suelo) = run67. Clasico HONESTO otra vez: in-train test @30k 20.7596 -> metrics.py 20.6020 = offset -0.16 dB (run67 -0.12, original -0.03). NO mueve el ranking: run67 sigue siendo el techo del clasico; run36 (21.16) el techo global. Se gasto ~1 run de Blackwell para falsar empiricamente lo que docs/techo_beta_clamp_superior.html ya predecia por analisis del ply. Techo de beta DESCARTADO como palanca, ahora con evidencia de entrenamiento"
run74,flowers,classic,,4786976,0,0,,0,,,,,30000,"A/B de classic_prune_sustain 25->5 sobre base run67 (ancla scale_reg=0, opacity_reg=0, opacity_cull 0.005, opacity_reset 3000, sin cap, SCALE_CLAMP_FACTOR=0.1, CULL_SUBPIXEL=1). Beta CORRECTO en [-4,2] (verificado: beta max @30k = 29.5562 EXACTO = 4*e^2 = el techo del clamp normal; el 1er intento de run74 corrio contaminado con el techo 60 de run73 y se descarto/rehizo). Cierra el barrido de prune_sustain hacia abajo: run67=25, run72=10, run74=5",20.5439,0.5795,0.3687,honest,20.6648,"A/B NEUTRO - prune_sustain 5 dentro del ruido. Honesto 20.5439/0.5795/0.3687 vs ancla run67 (20.6684/0.5811/0.3675): PSNR -0.125, SSIM -0.0016, LPIPS +0.0012; vs run72 (ps 10): PSNR -0.20, SSIM 0.0000, LPIPS +0.0011. Es el PSNR mas bajo de los tres pero la horquilla total del barrido (5/10/25) es solo ~0.20 dB con SSIM/LPIPS practicamente identicos = PLANO. Direccion coherente: prune_sustain 5 poda mas agresivo (recicla antes) y recorta un pelin de masa util, sin romper nada. VEREDICTO: prune_sustain NO es palanca, ahora con el rango 5/10/25 CERRADO del todo (run72 ya lo confirmaba entre 10 y 25; run74 extiende a 5). run67 sigue siendo el optimo plano del clasico. Diagnostico limpio: beta max 29.5562 exacto (topado en el techo [-4,2], 5 splats de 4.79M), beta min 0.0962, beta<0.1 0.062%, trinquete muerto, N 4.787M, train@30k 23.54, gap 2.88, offset in-train->honesto -0.12 dB (clasico HONESTO). CONTROL COLATERAL: run74 nuevo (beta [-4,2]) 20.5439 vs run74 viejo contaminado (beta techo 60) 20.5930 = -0.049 dB = identicos -> reconfirma que el techo 60 de run73 era NO-OP puro. NO mueve el ranking: run67 techo del clasico, run36 (21.16) techo global"
